{
 "ipad&iphone": {
  "cnt_spy": 10,
  "cnt_villager": 8,
  "round_avg": 2.5555555555555554,
  "rate": 0.5555555555555556
 },
 "guitar&lute": {
  "cnt_spy": 6,
  "cnt_villager": 7,
  "round_avg": 2.230769230769231,
  "rate": 0.46153846153846156
 },
 "BMW&BENZ": {
  "cnt_spy": 5,
  "cnt_villager": 12,
  "round_avg": 2.411764705882353,
  "rate": 0.29411764705882354
 },
 "eyebrow&beard": {
  "cnt_spy": 8,
  "cnt_villager": 6,
  "round_avg": 2.357142857142857,
  "rate": 0.5714285714285714
 },
 "Grape&Raisins": {
  "cnt_spy": 9,
  "cnt_villager": 9,
  "round_avg": 2.388888888888889,
  "rate": 0.5
 },
 "sea_lion&seal": {
  "cnt_spy": 10,
  "cnt_villager": 7,
  "round_avg": 2.4705882352941178,
  "rate": 0.5882352941176471
 },
 "spider_man&batman": {
  "cnt_spy": 10,
  "cnt_villager": 10,
  "round_avg": 2.6,
  "rate": 0.5
 },
 "nike&adidas": {
  "cnt_spy": 6,
  "cnt_villager": 12,
  "round_avg": 2.4444444444444446,
  "rate": 0.3333333333333333
 },
 "milk&soy_milk": {
  "cnt_spy": 5,
  "cnt_villager": 13,
  "round_avg": 2.388888888888889,
  "rate": 0.2777777777777778
 },
 "motorcycle&electromobile": {
  "cnt_spy": 7,
  "cnt_villager": 10,
  "round_avg": 2.6470588235294117,
  "rate": 0.4117647058823529
 },
 "tiger&lion": {
  "cnt_spy": 8,
  "cnt_villager": 5,
  "round_avg": 2.3846153846153846,
  "rate": 0.6153846153846154
 },
 "avg": {
  "round_avg": 2.6879717015011133,
  "rate": 0.510913596207714
 }
}