{
 "ipad&iphone": {
  "cnt_spy": 11,
  "cnt_villager": 7,
  "round_avg": 2.7777777777777777,
  "rate": 0.6111111111111112
 },
 "guitar&lute": {
  "cnt_spy": 11,
  "cnt_villager": 7,
  "round_avg": 2.5,
  "rate": 0.6111111111111112
 },
 "BMW&BENZ": {
  "cnt_spy": 14,
  "cnt_villager": 5,
  "round_avg": 2.5789473684210527,
  "rate": 0.7368421052631579
 },
 "eyebrow&beard": {
  "cnt_spy": 13,
  "cnt_villager": 5,
  "round_avg": 2.888888888888889,
  "rate": 0.7222222222222222
 },
 "Grape&Raisins": {
  "cnt_spy": 11,
  "cnt_villager": 6,
  "round_avg": 2.7058823529411766,
  "rate": 0.6470588235294118
 },
 "sea_lion&seal": {
  "cnt_spy": 11,
  "cnt_villager": 7,
  "round_avg": 2.611111111111111,
  "rate": 0.6111111111111112
 },
 "spider_man&batman": {
  "cnt_spy": 9,
  "cnt_villager": 11,
  "round_avg": 2.45,
  "rate": 0.45
 },
 "nike&adidas": {
  "cnt_spy": 12,
  "cnt_villager": 7,
  "round_avg": 2.6315789473684212,
  "rate": 0.631578947368421
 },
 "milk&soy_milk": {
  "cnt_spy": 13,
  "cnt_villager": 5,
  "round_avg": 2.5555555555555554,
  "rate": 0.7222222222222222
 },
 "motorcycle&electromobile": {
  "cnt_spy": 9,
  "cnt_villager": 9,
  "round_avg": 2.2777777777777777,
  "rate": 0.5
 },
 "tiger&lion": {
  "cnt_spy": 13,
  "cnt_villager": 4,
  "round_avg": 2.823529411764706,
  "rate": 0.7647058823529411
 },
 "avg": {
  "round_avg": 2.880104919160647,
  "rate": 0.700796353629171
 }
}