{
 "ipad&iphone": {
  "cnt_spy": 4,
  "cnt_villager": 16,
  "round_avg": 1.9,
  "rate": 0.2
 },
 "guitar&lute": {
  "cnt_spy": 0,
  "cnt_villager": 16,
  "round_avg": 1.4375,
  "rate": 0.0
 },
 "BMW&BENZ": {
  "cnt_spy": 1,
  "cnt_villager": 18,
  "round_avg": 2.210526315789474,
  "rate": 0.05263157894736842
 },
 "eyebrow&beard": {
  "cnt_spy": 1,
  "cnt_villager": 18,
  "round_avg": 1.3157894736842106,
  "rate": 0.05263157894736842
 },
 "Grape&Raisins": {
  "cnt_spy": 3,
  "cnt_villager": 17,
  "round_avg": 1.55,
  "rate": 0.15
 },
 "sea_lion&seal": {
  "cnt_spy": 1,
  "cnt_villager": 17,
  "round_avg": 1.9444444444444444,
  "rate": 0.05555555555555555
 },
 "spider_man&batman": {
  "cnt_spy": 3,
  "cnt_villager": 17,
  "round_avg": 1.75,
  "rate": 0.15
 },
 "nike&adidas": {
  "cnt_spy": 2,
  "cnt_villager": 17,
  "round_avg": 1.6842105263157894,
  "rate": 0.10526315789473684
 },
 "milk&soy_milk": {
  "cnt_spy": 3,
  "cnt_villager": 17,
  "round_avg": 1.75,
  "rate": 0.15
 },
 "motorcycle&electromobile": {
  "cnt_spy": 0,
  "cnt_villager": 20,
  "round_avg": 1.2,
  "rate": 0.0
 },
 "tiger&lion": {
  "cnt_spy": 1,
  "cnt_villager": 18,
  "round_avg": 1.6842105263157894,
  "rate": 0.05263157894736842
 },
 "avg": {
  "round_avg": 1.8426681286549709,
  "rate": 0.09687134502923977
 }
}