{
 "ipad&iphone": {
  "cnt_spy": 8,
  "cnt_villager": 12,
  "round_avg": 2.45,
  "rate": 0.4
 },
 "guitar&lute": {
  "cnt_spy": 6,
  "cnt_villager": 13,
  "round_avg": 2.263157894736842,
  "rate": 0.3157894736842105
 },
 "BMW&BENZ": {
  "cnt_spy": 7,
  "cnt_villager": 11,
  "round_avg": 2.2222222222222223,
  "rate": 0.3888888888888889
 },
 "eyebrow&beard": {
  "cnt_spy": 4,
  "cnt_villager": 13,
  "round_avg": 2.235294117647059,
  "rate": 0.23529411764705882
 },
 "Grape&Raisins": {
  "cnt_spy": 7,
  "cnt_villager": 13,
  "round_avg": 2.05,
  "rate": 0.35
 },
 "sea_lion&seal": {
  "cnt_spy": 7,
  "cnt_villager": 11,
  "round_avg": 2.5555555555555554,
  "rate": 0.3888888888888889
 },
 "spider_man&batman": {
  "cnt_spy": 7,
  "cnt_villager": 12,
  "round_avg": 2.4210526315789473,
  "rate": 0.3684210526315789
 },
 "nike&adidas": {
  "cnt_spy": 8,
  "cnt_villager": 12,
  "round_avg": 2.4,
  "rate": 0.4
 },
 "milk&soy_milk": {
  "cnt_spy": 4,
  "cnt_villager": 14,
  "round_avg": 2.111111111111111,
  "rate": 0.2222222222222222
 },
 "motorcycle&electromobile": {
  "cnt_spy": 5,
  "cnt_villager": 14,
  "round_avg": 1.894736842105263,
  "rate": 0.2631578947368421
 },
 "tiger&lion": {
  "cnt_spy": 6,
  "cnt_villager": 12,
  "round_avg": 2.3333333333333335,
  "rate": 0.3333333333333333
 },
 "avg": {
  "round_avg": 2.493646370829033,
  "rate": 0.3665995872033024
 }
}